"sl","cpuetotalN","Station","day","qratio","prop","lo","mid","hi","Length","comp2","mod","ratio","cr_lo","cr_mid","cr_hi"
-2.99881058839904,1,NA,NA,1,0.503957782934198,0.276483383409194,0.513623907430042,0.970674585056567,60,"FV1 vs FV2","mod2",1.01595744393535,0.372521652496565,1.10938974610002,50.7553411954628
-2.44320453106524,1,NA,NA,1,0.443283016705279,0.304145556340718,0.434649817640211,0.86066480110455,70,"FV1 vs FV2","mod2",0.796244824581917,0.42992832749085,0.783159446076157,7.81002480645259
-2.16540150239833,1,NA,NA,1,0.425910972287818,0.309258277450072,0.414529890541932,0.770622612913989,75,"FV1 vs FV2","mod2",0.74189011064212,0.436659430519387,0.717156239900079,3.91089009463186
-1.88759847373143,1,NA,NA,1,0.414963542687639,0.30657823616556,0.402680282894379,0.677152575163379,80,"FV1 vs FV2","mod2",0.709295185797425,0.440894205991538,0.682561479472188,2.30482869494515
-1.60979544506453,1,NA,NA,1,0.408813690429053,0.305726827337913,0.39810197294915,0.598088154406917,85,"FV1 vs FV2","mod2",0.69151413659384,0.438019468134256,0.668895094153531,1.58625848962675
-1.33199241639762,1,NA,NA,1,0.40589688206244,0.303655942588517,0.395395267150998,0.548827914672963,90,"FV1 vs FV2","mod2",0.683209479646427,0.442111138565561,0.661028094273919,1.23374299371177
-1.05418938773072,1,NA,NA,1,0.404689073214454,0.303747263353842,0.396511023719849,0.520846016320029,95,"FV1 vs FV2","mod2",0.679794465389074,0.438857176815295,0.662877275693868,1.07058503534562
-0.776386359063818,1,NA,NA,1,0.403683645598385,0.311471253317393,0.396061364054442,0.497552480936985,100,"FV1 vs FV2","mod2",0.676962224193012,0.448762462425962,0.660062774312636,0.966942785953055
-0.498583330396915,1,NA,NA,1,0.401381083696441,0.30835634730247,0.396746525603118,0.482084193377024,105,"FV1 vs FV2","mod2",0.670511861160266,0.450751345688128,0.652166331803183,0.911235515926985
-0.220780301730012,1,NA,NA,1,0.396296125861968,0.306114770488827,0.392846441023992,0.470593320875522,110,"FV1 vs FV2","mod2",0.656441250153975,0.437650793302938,0.645378082651752,0.886660874558397
0.0570227269368907,1,NA,NA,1,0.386985956925402,0.29340468799139,0.386736222108938,0.465150741923237,115,"FV1 vs FV2","mod2",0.631283999603757,0.414025835402825,0.622841313082024,0.870491951838437
0.334825755603794,1,NA,NA,1,0.372108705450566,0.277932151924894,0.370809396957946,0.455760398959967,120,"FV1 vs FV2","mod2",0.592632369138969,0.371339067680463,0.585841014206389,0.838166342985918
0.612628784270697,1,NA,NA,1,0.350531927009545,0.245450749706095,0.350401971726423,0.440188416496514,125,"FV1 vs FV2","mod2",0.539721568445285,0.315891672043465,0.538723154597971,0.777135581684556
0.8904318129376,1,NA,NA,1,0.32151960020994,0.206482434709009,0.325799152006197,0.411970628799906,130,"FV1 vs FV2","mod2",0.473881928364366,0.247370417492195,0.48154264954196,0.699450385440576
1.1682348416045,1,NA,NA,1,0.285018684311288,0.151484064199094,0.293839938104916,0.373006392701269,135,"FV1 vs FV2","mod2",0.398637947673838,0.160882952703103,0.412319023587263,0.597161646026128
1.44603787027141,1,NA,NA,1,0.242017417899588,0.101077178611096,0.253137610263902,0.33161063606444,140,"FV1 vs FV2","mod2",0.319291529402885,0.0880102848375358,0.334518015010657,0.50037999107449
1.72384089893831,1,NA,NA,1,0.194837342748581,0.055191280169351,0.202790096694706,0.296392820427009,145,"FV1 vs FV2","mod2",0.241985070959073,0.0446329312588052,0.250657530209205,0.422643204051268
2.00164392760521,1,NA,NA,1,0.14708837518297,0.0256094812315099,0.150398243180169,0.26902553764237,150,"FV1 vs FV2","mod2",0.172454414857488,0.0193114384887756,0.171743672781898,0.369033320014573
2.27944695627211,1,NA,NA,1,0.103019572599547,0.0100661009362034,0.101894399249459,0.257102275112589,155,"FV1 vs FV2","mod2",0.114851527918072,0.00761137267906014,0.111077650811364,0.345166380898941
-2.91257824856017,1,NA,NA,1,0.902364326171997,0.392935406859644,0.886011226378372,0.999967278517013,60,"FV1 vs FV3","mod2",9.24215802270816,0.82421386960423,8.07302056370657,38386.939168726
-2.64098735078447,1,NA,NA,1,0.840587823883267,0.410818402038027,0.823006534459712,0.99968070121879,65,"FV1 vs FV3","mod2",5.27304654111068,0.76761230093147,4.76768195932183,3801.83929360463
-2.36939645300876,1,NA,NA,1,0.769005025871675,0.392930280013034,0.749957001466142,0.997625173332254,70,"FV1 vs FV3","mod2",3.32909851728838,0.693225921181133,3.04110163677545,500.106264676622
-2.09780555523305,1,NA,NA,1,0.697061953104882,0.383853433880946,0.683192166800293,0.987779084655961,75,"FV1 vs FV3","mod2",2.30100497527211,0.623249438829213,2.18826549647329,103.553338473288
-1.82621465745734,1,NA,NA,1,0.632703461573319,0.370784720021982,0.622349670014445,0.956871333854062,80,"FV1 vs FV3","mod2",1.72259576494652,0.586331606397372,1.6833542192259,25.4614692242212
-1.55462375968164,1,NA,NA,1,0.580165143048415,0.362660423972371,0.576115835743436,0.89105889620323,85,"FV1 vs FV3","mod2",1.38188893428475,0.560260461870186,1.38913829122,8.88375384960422
-1.28303286190593,1,NA,NA,1,0.540285945594168,0.354913815376877,0.544443252153527,0.793588372437643,90,"FV1 vs FV3","mod2",1.1752652337168,0.551841399872657,1.17014084331881,4.20227912530642
-1.01144196413022,1,NA,NA,1,0.511810446925728,0.355649521978738,0.517264031716995,0.70204982384067,95,"FV1 vs FV3","mod2",1.04838467702291,0.565097137398129,1.05415199367685,2.43792337036649
-0.739851066354514,1,NA,NA,1,0.492503635591732,0.359116995490106,0.494971274105952,0.642876220258125,100,"FV1 vs FV3","mod2",0.970457465574129,0.568616632956634,0.976582974458875,1.73530134808731
-0.468260168578806,1,NA,NA,1,0.479778479938646,0.361879867358001,0.480537367171659,0.597936059543247,105,"FV1 vs FV3","mod2",0.922258040924683,0.550163444367303,0.915632675445557,1.47869614367933
-0.196669270803099,1,NA,NA,1,0.470961162535467,0.363807442074484,0.471474364709849,0.571712632340376,110,"FV1 vs FV3","mod2",0.890220394390308,0.549050131906979,0.880450097831564,1.34260049155192
0.074921626972609,1,NA,NA,1,0.46337449297432,0.358860661336497,0.463874583546781,0.550009670030233,115,"FV1 vs FV3","mod2",0.863496958134987,0.540828288610843,0.856382821509172,1.24370880245886
0.346512524748317,1,NA,NA,1,0.454358525422104,0.35502813850644,0.455279988196162,0.533449836527615,120,"FV1 vs FV3","mod2",0.832705259023047,0.536127741347169,0.829165210632962,1.17248427587655
0.618103422524024,1,NA,NA,1,0.441290240670863,0.339006567718894,0.443745889726374,0.511489551874422,125,"FV1 vs FV3","mod2",0.789838074782758,0.526359212491806,0.791540604921274,1.07784583579982
0.889694320299732,1,NA,NA,1,0.421643688925911,0.308752727409688,0.423473268909956,0.486082340795899,130,"FV1 vs FV3","mod2",0.72903793189852,0.459210371292997,0.734980187302611,0.948199906946028
1.16128521807544,1,NA,NA,1,0.393149781810912,0.257327803866054,0.394066758410425,0.465789782444968,135,"FV1 vs FV3","mod2",0.647853078118874,0.353100531035025,0.653322737675901,0.888257426706504
1.43287611585115,1,NA,NA,1,0.354155649298959,0.175569174331422,0.352450860984857,0.462973095327062,140,"FV1 vs FV3","mod2",0.548360683057049,0.23194197814527,0.545370015407852,0.866587471767973
1.70446701362685,1,NA,NA,1,0.304294424595046,0.107282441128092,0.299191441434893,0.470524251306861,145,"FV1 vs FV3","mod2",0.437389659293622,0.126416874119019,0.434082127619048,0.864767981473548
1.97605791140256,1,NA,NA,1,0.245431731711645,0.0475333152716611,0.235045261222842,0.4835373635477,150,"FV1 vs FV3","mod2",0.325261135441564,0.059018821464098,0.315542334631328,0.862403511614882
2.24764880917827,1,NA,NA,1,0.182407686568162,0.0164988881098668,0.169566591514245,0.495686661468954,155,"FV1 vs FV3","mod2",0.223103475376996,0.0198123177828283,0.208608292967547,0.912815644511908
-3.05231037394332,1,NA,NA,1,0.0174127816935371,0.000619620585152984,0.0218691721496286,0.171575245038215,50,"FV1 vs RVK","mod2",0.0177213598641644,0.00048486963376886,0.0228860436145655,0.210502910938276
-2.54024514673572,1,NA,NA,1,0.0286061136969498,0.00470593940782075,0.0373358401968636,0.133955770916962,60,"FV1 vs RVK","mod2",0.0294485214497483,0.00349932260653728,0.0368954659539019,0.16018711511487
-2.28421253313192,1,NA,NA,1,0.0381477575511785,0.00976189381533111,0.0474391630309993,0.139102952312992,65,"FV1 vs RVK","mod2",0.0396607252836012,0.00855830032367206,0.0482484687752747,0.163480275313564
-2.02817991952813,1,NA,NA,1,0.0516183809344207,0.0187402298472182,0.0622714778722636,0.161693972366319,70,"FV1 vs RVK","mod2",0.0544278588879434,0.0182732112177865,0.0642717341874504,0.183515856741349
-1.77214730592433,1,NA,NA,1,0.0702170352498797,0.0339493622386071,0.0821339788232079,0.18354171179042,75,"FV1 vs RVK","mod2",0.0755198125927705,0.0343974897738516,0.0882102554132376,0.208375085643033
-1.51611469232053,1,NA,NA,1,0.0951228488790098,0.055978615185681,0.109054031547133,0.209904022272642,80,"FV1 vs RVK","mod2",0.105122390106954,0.057846311326498,0.119810930528419,0.242227634003176
-1.26008207871673,1,NA,NA,1,0.127140566889695,0.0837067089274608,0.141790371358933,0.236634982952442,85,"FV1 vs RVK","mod2",0.145659841741812,0.0904535236644822,0.16271941827318,0.293801816894807
-1.00404946511293,1,NA,NA,1,0.16621315020193,0.121819666124297,0.182027051514274,0.273723199808837,90,"FV1 vs RVK","mod2",0.199347291507636,0.137527398024483,0.218955900398639,0.354229002872127
-0.748016851509136,1,NA,NA,1,0.210968149076123,0.164276817123843,0.226248217487892,0.308303838458251,95,"FV1 vs RVK","mod2",0.267375960589045,0.192031100892875,0.287779153984631,0.440720015181322
-0.491984237905338,1,NA,NA,1,0.25856272651148,0.205538751440918,0.27031198313861,0.349271152711043,100,"FV1 vs RVK","mod2",0.348731761616086,0.252792126410638,0.37153616195415,0.540914982734998
-0.235951624301539,1,NA,NA,1,0.305008959637758,0.237030195178939,0.313500263178453,0.404212874389056,105,"FV1 vs RVK","mod2",0.438867470116998,0.30646674102856,0.462555856029757,0.675116452081059
0.0200809893022586,1,NA,NA,1,0.345877714314195,0.256007372456023,0.349904437567819,0.45806891398994,110,"FV1 vs RVK","mod2",0.528766137285116,0.351259962630028,0.542518906493856,0.813067736297683
0.276113602906057,1,NA,NA,1,0.377024090861708,0.274750559697951,0.377032435465514,0.499029591994638,115,"FV1 vs RVK","mod2",0.605198508210714,0.38394283695392,0.613925161510317,0.987037013851879
0.532146216509855,1,NA,NA,1,0.395005462400833,0.284056685246991,0.39342203876277,0.52289500681188,120,"FV1 vs RVK","mod2",0.652907485691284,0.400903905849106,0.655305502368182,1.11453102195639
0.788178830113653,1,NA,NA,1,0.397147433560154,0.282290166274114,0.397257374018183,0.523202083374335,125,"FV1 vs RVK","mod2",0.65878036466779,0.411139075181015,0.664248310577943,1.11565888730233
1.04421144371745,1,NA,NA,1,0.381513919836534,0.269125764132357,0.386176322195783,0.503498377069299,130,"FV1 vs RVK","mod2",0.616851263226004,0.392562674446999,0.635410261792566,1.01925745650142
1.30024405732125,1,NA,NA,1,0.347193282319331,0.244026599819786,0.358480169280156,0.463777545525383,135,"FV1 vs RVK","mod2",0.531846981527489,0.343224202796795,0.569466237102738,0.875559179569766
1.55627667092505,1,NA,NA,1,0.295259659032179,0.180930802914058,0.31896730642524,0.427175720804628,140,"FV1 vs RVK","mod2",0.418962335300259,0.232826230038908,0.471252462887036,0.756995706000591
1.81230928452885,1,NA,NA,1,0.230295293998113,0.104828819773334,0.26143761783291,0.408336624971799,145,"FV1 vs RVK","mod2",0.299199540034445,0.128180648916402,0.370820739223304,0.681130160961178
2.06834189813264,1,NA,NA,1,0.161216662885562,0.0471688725473625,0.204158080539969,0.403517166482234,150,"FV1 vs RVK","mod2",0.192202987055246,0.0586068545305175,0.264055897886541,0.668047861245433
2.58040712534024,1,NA,NA,1,0.0529924811889028,0.00362390546524384,0.0931607950371175,0.428933342738062,160,"FV1 vs RVK","mod2",0.0559578251875246,0.00417344174439168,0.101849830727745,0.777849358653062
-2.29643611204747,1,NA,NA,1,0.000530819910054218,2.01754578751999e-06,0.000407121334413579,0.0069964733396044,60,"FV1 vs RVQ","mod2",0.000531101829479572,3.11564730488623e-06,0.000452454859870523,0.0061170277210603
-2.05281050975461,1,NA,NA,1,0.0018347209538502,2.6643489547108e-05,0.00155261156349565,0.0120942122575781,65,"FV1 vs RVQ","mod2",0.00183809334222031,4.0399582932775e-05,0.00167623731045732,0.0112684658357153
-1.80918490746176,1,NA,NA,1,0.00548526365713806,0.000253433061267708,0.0050878806144373,0.0205549511134345,70,"FV1 vs RVQ","mod2",0.00551551772607118,0.000352772918226888,0.00540798982077506,0.0198939866824603
-1.5655593051689,1,NA,NA,1,0.0142498445406144,0.0016811204389227,0.0140229368058042,0.035840916638815,75,"FV1 vs RVQ","mod2",0.0144558379845993,0.00212299923026892,0.0146254666034518,0.0372336763891092
-1.32193370287604,1,NA,NA,1,0.0322630308389551,0.00823239748405497,0.0327130211573633,0.0646990133249847,80,"FV1 vs RVQ","mod2",0.0333386362896983,0.00850057574725923,0.0340618598485763,0.0678538555465956
-1.07830810058318,1,NA,NA,1,0.0638078709176794,0.0273041050136893,0.0659304760466543,0.110258665140168,85,"FV1 vs RVQ","mod2",0.0681568119785684,0.0279457962203238,0.0706397232271095,0.121550465303698
-0.834682498290318,1,NA,NA,1,0.110663183934189,0.0654765061075108,0.114618430025724,0.172797061871209,90,"FV1 vs RVQ","mod2",0.124433377697927,0.0693782828462681,0.129177512354288,0.206829916542214
-0.591056895997459,1,NA,NA,1,0.169697793487772,0.11884343295654,0.175638388126459,0.246850367438344,95,"FV1 vs RVQ","mod2",0.204380756978361,0.13146502793793,0.211274672742764,0.331386229040692
-0.3474312937046,1,NA,NA,1,0.233274728532113,0.177605526777512,0.242075033686638,0.32157426817404,100,"FV1 vs RVQ","mod2",0.304248127997021,0.212082151080857,0.314056643883994,0.469742086077104
-0.10380569141174,1,NA,NA,1,0.292552658886964,0.227871451001447,0.301803887658512,0.384287333958936,105,"FV1 vs RVQ","mod2",0.413532770406187,0.287022752378355,0.427490665403519,0.620088801070637
0.139819910881119,1,NA,NA,1,0.340806709837274,0.261055609198852,0.349689218363485,0.440095643905212,110,"FV1 vs RVQ","mod2",0.517005732496373,0.347768619069872,0.52732378618653,0.787597642022392
0.383445513173978,1,NA,NA,1,0.374591157627009,0.282521005637077,0.378881816974964,0.484295290970502,115,"FV1 vs RVQ","mod2",0.598954047732513,0.387802423799041,0.602141513569447,0.943780445458374
0.627071115466837,1,NA,NA,1,0.393115254180017,0.288667661748143,0.393797245247815,0.519998731713635,120,"FV1 vs RVQ","mod2",0.647759326441572,0.398657574854627,0.642017981422418,1.07478408762894
0.870696717759697,1,NA,NA,1,0.397160956876242,0.271943022994738,0.39287991856026,0.537311675839674,125,"FV1 vs RVQ","mod2",0.658817575613974,0.364509421214696,0.644236809174876,1.13815784584733
1.11432232005256,1,NA,NA,1,0.388315536090237,0.24183317761477,0.382942711671933,0.535793914366727,130,"FV1 vs RVQ","mod2",0.634829816680649,0.301811109766838,0.623648542935834,1.16765773625154
1.35794792234542,1,NA,NA,1,0.368626070286691,0.188768443865892,0.367683902244148,0.541700285251057,135,"FV1 vs RVQ","mod2",0.583847468098777,0.228514075590726,0.591492066758242,1.19033430080039
1.60157352463827,1,NA,NA,1,0.340499183513221,0.131284946107309,0.343504686387996,0.572659912364957,140,"FV1 vs RVQ","mod2",0.516298350208406,0.155026797649043,0.536172384076762,1.31408780567669
1.84519912693113,1,NA,NA,1,0.30664029802802,0.0783086056017881,0.311331638464294,0.642592621800595,145,"FV1 vs RVQ","mod2",0.44225284099423,0.0941917771541673,0.462976876045694,1.65479982885184
2.08882472922399,1,NA,NA,1,0.269899026398082,0.0363821183999845,0.279150712257262,0.738776183614128,150,"FV1 vs RVQ","mod2",0.369673560448151,0.044734228746304,0.38656745788451,2.53692139453175
-2.98906546709152,1,NA,NA,1,0.91885964865347,0.375186771680993,0.867301448842183,0.981021954487896,65,"FV2 vs FV3","mod2",11.3243242530372,0.503269819179185,6.52393331329477,42.0253181349789
-2.41164210084914,1,NA,NA,1,0.792772489889177,0.408798834578402,0.73472292325036,0.904735791839899,75,"FV2 vs FV3","mod2",3.82561412558213,0.701368983643462,2.80104602335684,8.63583790742915
-2.12293041772794,1,NA,NA,1,0.720605132472519,0.424744385708306,0.673298052666994,0.83904763721324,80,"FV2 vs FV3","mod2",2.57916381517509,0.742995198742539,2.02377372908945,4.98418970751171
-1.83421873460675,1,NA,NA,1,0.654851837786091,0.432854366105102,0.616320991614084,0.766377154522552,85,"FV2 vs FV3","mod2",1.8973064598856,0.771764139890355,1.58876679755261,3.45450768056919
-1.54550705148556,1,NA,NA,1,0.601535024778315,0.434600456125548,0.573125203756493,0.704776406205489,90,"FV2 vs FV3","mod2",1.50963086390128,0.778125348142774,1.33954818670551,2.58260952477448
-1.25679536836436,1,NA,NA,1,0.562912609239791,0.436122799300427,0.544608403514897,0.659346554988575,95,"FV2 vs FV3","mod2",1.28787199342616,0.784157060953468,1.19093145111875,2.01355780273055
-0.96808368524317,1,NA,NA,1,0.538684946464948,0.441453303940031,0.528806550673018,0.624228049984959,100,"FV2 vs FV3","mod2",1.16771595103392,0.791764070118743,1.1297483287589,1.69111565635476
-0.679372002121977,1,NA,NA,1,0.527292003837505,0.45322371775874,0.523913847056281,0.601119555872346,105,"FV2 vs FV3","mod2",1.11547087867802,0.809397097000086,1.11304127947398,1.50178654006416
-0.390660319000783,1,NA,NA,1,0.526701656783544,0.463115182276084,0.528924447681123,0.590974523618495,110,"FV2 vs FV3","mod2",1.1128322427756,0.852005462145217,1.12286343195688,1.47155143153103
-0.10194863587959,1,NA,NA,1,0.534739184845533,0.47523050577922,0.538857567857937,0.599003098230939,115,"FV2 vs FV3","mod2",1.14933208950339,0.895858125334469,1.17058171142888,1.51887431554016
0.186763047241603,1,NA,NA,1,0.549173230001758,0.485449155557919,0.552811554056881,0.614723438808416,120,"FV2 vs FV3","mod2",1.21814689487915,0.956669024860005,1.23820621412109,1.6045880555804
0.475474730362796,1,NA,NA,1,0.567729588583418,0.506038658679941,0.57080820439709,0.63690190912151,125,"FV2 vs FV3","mod2",1.31336675744918,1.02089853520214,1.3317046444585,1.7528310113436
0.764186413483989,1,NA,NA,1,0.588121834320345,0.526861007204041,0.59073556044618,0.658513234105438,130,"FV2 vs FV3","mod2",1.42790243165686,1.09883883810364,1.43157662453664,1.93698319841083
1.05289809660518,1,NA,NA,1,0.608117226030743,0.544455454979664,0.607826202158398,0.693226569127459,135,"FV2 vs FV3","mod2",1.55178350880626,1.19100772138627,1.54900876703284,2.21582922813909
1.34160977972638,1,NA,NA,1,0.625609085358543,0.544416686414736,0.623234792702137,0.728971563965899,140,"FV2 vs FV3","mod2",1.67100498674673,1.1692917362001,1.66515928823842,2.75493787472092
1.63032146284757,1,NA,NA,1,0.638648642950615,0.519789635309066,0.637620338335504,0.774427117019751,145,"FV2 vs FV3","mod2",1.76738963474636,1.05714832418082,1.76789623466071,3.580818583142
1.91903314596876,1,NA,NA,1,0.645399212022768,0.464640462426073,0.648628920731478,0.821233933432264,150,"FV2 vs FV3","mod2",1.8200726955638,0.851536079188935,1.85760119920356,4.98040414889374
2.20774482908995,1,NA,NA,1,0.64400269139987,0.383082105000022,0.654598466828602,0.868995603821035,155,"FV2 vs FV3","mod2",1.80901000047514,0.637331311382598,1.91439015952087,6.97645643011719
-3.38569473104311,1,NA,NA,1,0.0183495767748563,1.32094720733552e-05,0.0180416465735576,0.146982173350406,50,"FV2 vs RVK","mod2",0.0186925776638185,9.93361191448697e-06,0.0181593626605798,0.172334665690672
-2.86158856459317,1,NA,NA,1,0.0362598087991484,0.000520246389899273,0.040878574128,0.141790205593835,60,"FV2 vs RVK","mod2",0.0376240496455456,0.000473588036484428,0.041334479008381,0.172013599890344
-2.5995354813682,1,NA,NA,1,0.0507803756912975,0.00230298506648666,0.0594357002930323,0.156782441788717,65,"FV2 vs RVK","mod2",0.0534969720292918,0.00214423697611678,0.0621968288003017,0.194154231364487
-2.33748239814322,1,NA,NA,1,0.0705172228351888,0.00819890481584029,0.0829375450782092,0.185572151043001,70,"FV2 vs RVK","mod2",0.0758671645861868,0.00775112596982598,0.0875728344994065,0.247050837445805
-2.07542931491825,1,NA,NA,1,0.0966412919685569,0.0229837244174325,0.112611954927925,0.224095654136236,75,"FV2 vs RVK","mod2",0.106979974963825,0.0225048593154441,0.125070327378696,0.324134675801414
-1.81337623169328,1,NA,NA,1,0.130081798306289,0.0530309273687208,0.148865239705115,0.268960192188029,80,"FV2 vs RVK","mod2",0.149533367681034,0.0564187346510403,0.175337755758584,0.412304341310646
-1.55132314846831,1,NA,NA,1,0.171190100622993,0.0973361123040726,0.19619769225521,0.322529250379932,85,"FV2 vs RVK","mod2",0.206549295262606,0.106987144751374,0.249722990440292,0.525495400579372
-1.28927006524334,1,NA,NA,1,0.219405608668696,0.153693722287625,0.246967189655763,0.373355233915503,90,"FV2 vs RVK","mod2",0.281075051403457,0.172223819919582,0.337882550368315,0.656422201872522
-1.02721698201836,1,NA,NA,1,0.273077065038731,0.207980978520307,0.304672346124012,0.425626137700332,95,"FV2 vs RVK","mod2",0.37566164431623,0.247069679499158,0.442430901805246,0.807372646280365
-0.765163898793391,1,NA,NA,1,0.329578217298524,0.263954104366452,0.360344284041,0.475074585656692,100,"FV2 vs RVK","mod2",0.491598312886677,0.346199503510099,0.563597587872125,0.985937748700095
-0.503110815568419,1,NA,NA,1,0.385730965724438,0.320899888588042,0.411874157378497,0.521497487457091,105,"FV2 vs RVK","mod2",0.627951181324563,0.457309264092271,0.695376078221977,1.16939114847723
-0.241057732343447,1,NA,NA,1,0.438378967771068,0.372944215152924,0.454791858167331,0.563483179375034,110,"FV2 vs RVK","mod2",0.780560097671651,0.580739134632159,0.836899127266748,1.35645076916985
0.0209953508815257,1,NA,NA,1,0.484873625140041,0.413058099673099,0.49116872082044,0.59899711557269,115,"FV2 vs RVK","mod2",0.941271208005718,0.693984731015639,0.97600490119624,1.5927755000944
0.283048434106498,1,NA,NA,1,0.523304928696555,0.445454404561179,0.520480333016248,0.62995041022199,120,"FV2 vs RVK","mod2",1.09777709105669,0.796558883134053,1.1059641172721,1.77688581871655
0.54510151733147,1,NA,NA,1,0.552459162425801,0.466173327905629,0.545376529206627,0.647811031377195,125,"FV2 vs RVK","mod2",1.23443296352639,0.863800103703527,1.21528436096768,1.88890176054888
0.807154600556442,1,NA,NA,1,0.571597211391991,0.474691468898776,0.565338569868448,0.661118415331988,130,"FV2 vs RVK","mod2",1.33425184567369,0.91590992205864,1.30803372678517,1.98669543598624
1.06920768378141,1,NA,NA,1,0.580173514894602,0.484317979424148,0.575779827501114,0.665722831021254,135,"FV2 vs RVK","mod2",1.38193643202131,0.935568138646427,1.36924601335984,2.00281624516613
1.33126076700639,1,NA,NA,1,0.577587637749034,0.485731832554285,0.581108899163163,0.669596269244668,140,"FV2 vs RVK","mod2",1.36735495777435,0.959626922080394,1.38351894940569,2.04634987131269
1.59331385023136,1,NA,NA,1,0.563030286114882,0.473720410356438,0.57591711335447,0.683107796410724,145,"FV2 vs RVK","mod2",1.28848812222924,0.920864908751993,1.34818790849968,2.15027355734379
1.85536693345633,1,NA,NA,1,0.535485541547916,0.43427642265628,0.563589605633122,0.717996058185981,150,"FV2 vs RVK","mod2",1.15278552002952,0.761519828142224,1.30076880317203,2.47228920142365
2.1174200166813,1,NA,NA,1,0.493983950213576,0.347771215511402,0.551075728697902,0.775715968976147,155,"FV2 vs RVK","mod2",0.976221901305449,0.513415365788455,1.21924098245937,3.22502839936121
2.37947309990628,1,NA,NA,1,0.438229975458292,0.231336157377987,0.529676399683151,0.836489987256291,160,"FV2 vs RVK","mod2",0.780087858578428,0.297346104054792,1.11738046421796,4.9036923218903
-2.53560687754685,1,NA,NA,1,0.000797183730930035,3.06253619854106e-08,0.000516095730533056,0.0139136507872632,60,"FV2 vs RVQ","mod1",0.000797819739846856,1.05492674150521e-08,0.000583329919557464,0.0133908701103902
-2.29067521843303,1,NA,NA,1,0.00276719460064625,1.11584721464919e-06,0.00204137362497482,0.0246215626996848,65,"FV2 vs RVQ","mod1",0.00277487321482378,5.13738813567782e-07,0.00220743527118524,0.0253202831608516
-2.04574355931921,1,NA,NA,1,0.00821331605997516,2.36503011973552e-05,0.00660317481134119,0.0418431100116171,70,"FV2 vs RVQ","mod1",0.00828133326749912,1.39883308317789e-05,0.00724241130534112,0.0446279513246154
-1.80081190020539,1,NA,NA,1,0.0209847594231952,0.000301121957402753,0.0182648436261058,0.0710631475220861,75,"FV2 vs RVQ","mod1",0.0214345584761598,0.000217126042313876,0.0199947899873283,0.0776138568564111
-1.55588024109158,1,NA,NA,1,0.0463768432392718,0.00244030022825591,0.0422108135119226,0.121203048546731,80,"FV2 vs RVQ","mod1",0.0486322536428382,0.00203823863428843,0.0454017943562092,0.13499554316527
-1.31094858197776,1,NA,NA,1,0.0890553890629389,0.0127976692297921,0.083691766901921,0.187235521151944,85,"FV2 vs RVQ","mod1",0.0977615850554627,0.0123408277790566,0.0945131348931293,0.224717351962228
-1.06601692286394,1,NA,NA,1,0.149651601456022,0.0467265556289199,0.144890845396627,0.26546883850326,90,"FV2 vs RVQ","mod1",0.175988573286273,0.0496154037415321,0.172237922180059,0.347249799769404
-0.821085263750119,1,NA,NA,1,0.222851486892162,0.117475675133233,0.219508786749371,0.345016846784924,95,"FV2 vs RVQ","mod1",0.286755341010656,0.137536484322347,0.285118437795642,0.50760743933347
-0.5761536046363,1,NA,NA,1,0.299451256616885,0.213409281930434,0.299866851561505,0.425207613710845,100,"FV2 vs RVQ","mod1",0.427452421327265,0.277695455062241,0.432654725359651,0.734369484277278
-0.331221945522481,1,NA,NA,1,0.370746639565092,0.295595628859859,0.376787197282276,0.488449008909823,105,"FV2 vs RVQ","mod1",0.589184997452936,0.426297692551562,0.600153235402336,0.941833903928947
-0.0862902864086622,1,NA,NA,1,0.431495080899272,0.360856949870168,0.437196337499837,0.544595528904292,110,"FV2 vs RVQ","mod1",0.758999731403943,0.56595297675552,0.773569324783749,1.14219372104318
0.158641372705157,1,NA,NA,1,0.480148353741788,0.409440576445959,0.481434373400161,0.585540038494281,115,"FV2 vs RVQ","mod1",0.923625725142548,0.699513556051623,0.93707483957681,1.36187131055922
0.403573031818976,1,NA,NA,1,0.517638128281995,0.435166361843461,0.514785189668693,0.611671341162256,120,"FV2 vs RVQ","mod1",1.07313234862106,0.787307331898995,1.07590335268455,1.56193700223922
0.648504690932794,1,NA,NA,1,0.546122737557518,0.442910931354913,0.542492740456705,0.637634911660675,125,"FV2 vs RVQ","mod1",1.2032388109037,0.82074944568259,1.19659949744717,1.75153944510339
0.893436350046613,1,NA,NA,1,0.568206483657407,0.436644528864261,0.567373524415884,0.662462527711597,130,"FV2 vs RVQ","mod1",1.31592175924796,0.832746920721144,1.31697280179168,1.97247998799463
1.13836800916043,1,NA,NA,1,0.586574772857261,0.437637182853776,0.586211172473347,0.696429107283824,135,"FV2 vs RVQ","mod1",1.41881707826876,0.839684894314182,1.43679025648312,2.2525868302209
1.38329966827425,1,NA,NA,1,0.603855425953009,0.44872203103951,0.607543975506564,0.749059097615407,140,"FV2 vs RVQ","mod1",1.52433092742898,0.854473965927564,1.57493338228457,2.99684112102798
1.62823132738807,1,NA,NA,1,0.622556619099066,0.459556046102511,0.628803086378176,0.826137637989841,145,"FV2 vs RVQ","mod1",1.64940399170085,0.849650764227439,1.74479073271757,4.8401770455648
1.87316298650189,1,NA,NA,1,0.64498776688193,0.459155979037854,0.660354151565631,0.901101649239063,150,"FV2 vs RVQ","mod1",1.8168043428166,0.834971493762793,1.98859379715762,9.62698363421737
2.11809464561571,1,NA,NA,1,0.673098154352234,0.432383258832625,0.703580394444355,0.956903233446221,155,"FV2 vs RVQ","mod1",2.05902219064707,0.728064184920363,2.47478368863947,25.4140954440503
-3.32545609843992,1,NA,NA,1,1.16973388569541e-05,2.20623727572948e-12,1.1378129505652e-05,0.0057675949429978,50,"FV3 vs RVK","mod1",1.1697475686291e-05,3.73964183818557e-12,9.16464312322075e-06,0.00405439807823098
-2.80140713646926,1,NA,NA,1,0.000378522247563663,2.39419159881072e-08,0.000369943215240149,0.0203849650317311,60,"FV3 vs RVK","mod1",0.000378665580910424,3.01447023281145e-08,0.000309913498383601,0.0155341500774379
-2.53938265548393,1,NA,NA,1,0.00159473748180525,9.52023326781206e-07,0.0015285083588841,0.038058631500386,65,"FV3 vs RVK","mod1",0.00159728473163591,1.18045863805927e-06,0.00135557381972952,0.0298207451455655
-2.2773581744986,1,NA,NA,1,0.00557676591085172,2.30133148829089e-05,0.00528392723533854,0.0673535987809364,70,"FV3 vs RVK","mod1",0.00560804064072358,2.46492304116312e-05,0.00484449347554407,0.0568357739933872
-2.01533369351327,1,NA,NA,1,0.0163155776366773,0.00031030871979105,0.0151148671805667,0.107831136627827,75,"FV3 vs RVK","mod1",0.016586190922368,0.000318943463242534,0.0144752385354185,0.103910503946382
-1.75330921252794,1,NA,NA,1,0.0401421099581871,0.00267439664812819,0.0380567347401898,0.161638643866996,80,"FV3 vs RVK","mod1",0.041820888669716,0.0026448289066083,0.038377575927602,0.17719056567294
-1.49128473154261,1,NA,NA,1,0.0833945678509642,0.0147947146726058,0.0801340468365449,0.231849187517594,85,"FV3 vs RVK","mod1",0.0909819699141873,0.0143218782437353,0.084988658798801,0.280968716242682
-1.22926025055729,1,NA,NA,1,0.147366763966833,0.0520166233817589,0.144236881272245,0.300274612124034,90,"FV3 vs RVK","mod1",0.172837226768745,0.0529883911586511,0.162848421469554,0.407704771085902
-0.967235769571956,1,NA,NA,1,0.224904733153396,0.121906612635002,0.220777915177574,0.369612917690254,95,"FV3 vs RVK","mod1",0.290163987284296,0.139591830409641,0.281132297215004,0.577976554352601
-0.705211288586627,1,NA,NA,1,0.303471194426904,0.206530120814579,0.303409695014899,0.431181226577876,100,"FV3 vs RVK","mod1",0.435690802733149,0.251678324385679,0.430733533335689,0.764497854796594
-0.443186807601298,1,NA,NA,1,0.371926324727748,0.281148775039555,0.375936567283755,0.487878024625972,105,"FV3 vs RVK","mod1",0.592169898804514,0.378162254900311,0.597906785865093,0.953100382771147
-0.181162326615969,1,NA,NA,1,0.424398379666935,0.337918365239664,0.428656645670889,0.531129027804364,110,"FV3 vs RVK","mod1",0.737312691061158,0.487503070899432,0.75164508241915,1.13972491480052
0.08086215436936,1,NA,NA,1,0.459791159961529,0.372062854878779,0.462868841196098,0.565158646307308,115,"FV3 vs RVK","mod1",0.851135942034537,0.569891689528468,0.860546074540593,1.30321741878206
0.342886635354689,1,NA,NA,1,0.479686489611321,0.386395914491147,0.481175614694861,0.58993342985478,120,"FV3 vs RVK","mod1",0.92191818977176,0.629484940989625,0.921654653129986,1.42106787453805
0.604911116340018,1,NA,NA,1,0.486726679905617,0.390214663512415,0.485344959563173,0.597807380361929,125,"FV3 vs RVK","mod1",0.94827971930455,0.644361917975723,0.942623293388461,1.47059915776839
0.866935597325347,1,NA,NA,1,0.48385042871764,0.386145707545226,0.482125162787004,0.591827526127361,130,"FV3 vs RVK","mod1",0.937422901496414,0.627493752232112,0.933234320815862,1.45474448781567
1.12896007831068,1,NA,NA,1,0.474058252981179,0.368174627101017,0.474143889864082,0.57927696723702,135,"FV3 vs RVK","mod1",0.901351253571842,0.574855472226327,0.903401237739104,1.42122378969386
1.39098455929601,1,NA,NA,1,0.460373117264073,0.342422556986307,0.462112662411522,0.577744871124275,140,"FV3 vs RVK","mod1",0.853132288239543,0.528158745141936,0.868905296516174,1.41404317212563
1.65300904028133,1,NA,NA,1,0.4458189693892,0.315590983212343,0.449743726421607,0.616608943368652,145,"FV3 vs RVK","mod1",0.804464506657388,0.45688184634667,0.821101708335857,1.63649257474208
1.91503352126666,1,NA,NA,1,0.433376053680817,0.275943658421969,0.439820404790473,0.683383914377877,150,"FV3 vs RVK","mod1",0.764838931527778,0.380765441162773,0.814772364124047,2.32465441252985
2.17705800225199,1,NA,NA,1,0.425950656532455,0.220936924946281,0.437992684645128,0.796292771769792,155,"FV3 vs RVK","mod1",0.742010528153383,0.27392084302526,0.829115303673379,3.69996190508229
2.43908248323732,1,NA,NA,1,0.426413218276129,0.162046471934976,0.444702040354079,0.900909039192521,160,"FV3 vs RVK","mod1",0.743415350323411,0.192100671458319,0.876545794925178,7.37832661532791
-2.5099687910256,1,NA,NA,1,3.59350261829308e-06,5.69072762201839e-10,2.98268551969683e-06,0.000273292704252474,60,"FV3 vs RVQ","mod2",3.59351553160055e-06,7.19874677769116e-10,3.73757591312154e-06,0.000248299369479624
-2.26382819927381,1,NA,NA,1,4.61006517246341e-05,5.10365029358459e-08,4.06156802307456e-05,0.00129632913927112,65,"FV3 vs RVQ","mod2",4.61027770927044e-05,6.81873532288841e-08,4.78569063227003e-05,0.00128225371522177
-2.01768760752203,1,NA,NA,1,0.000406534632728221,2.40985218307964e-06,0.000368727308778661,0.00548508303614374,70,"FV3 vs RVQ","mod2",0.000406699970351298,2.75807136969109e-06,0.000419120835653503,0.00544855533634061
-1.77154701577025,1,NA,NA,1,0.00253478239574699,6.32137217066124e-05,0.00242006084611949,0.0190421720779284,75,"FV3 vs RVQ","mod2",0.00254122384521349,6.19596025375496e-05,0.00256766541257687,0.0191252243427613
-1.52540642401847,1,NA,NA,1,0.0114528364254196,0.000901217298283015,0.0112946365032593,0.0513686553423072,80,"FV3 vs RVQ","mod2",0.0115855235313267,0.000875526255544279,0.0116596833246462,0.055068216528632
-1.27926583226669,1,NA,NA,1,0.0381827464207192,0.00708705963343156,0.0373399345213901,0.116815992334841,85,"FV3 vs RVQ","mod2",0.0396985459333641,0.00666927447499363,0.0397960636896262,0.128507722057177
-1.03312524051491,1,NA,NA,1,0.0952828595673689,0.0322165319406884,0.092826785671498,0.207691825136239,90,"FV3 vs RVQ","mod2",0.105317845002699,0.0314587313469075,0.105960456595746,0.264312591554937
-0.786984648763127,1,NA,NA,1,0.182227010997035,0.0920775607730097,0.176529343411874,0.313142808730526,95,"FV3 vs RVQ","mod2",0.222833247670858,0.097520925316208,0.226314639427566,0.467932509319055
-0.540844057011346,1,NA,NA,1,0.279195493608197,0.174321297209787,0.274822078194443,0.405780305896322,100,"FV3 vs RVQ","mod2",0.387338718241082,0.214624714985808,0.395226564883642,0.697899838812523
-0.294703465259565,1,NA,NA,1,0.362973255689762,0.255779110772023,0.362140374329122,0.482657719017205,105,"FV3 vs RVQ","mod2",0.569792805297026,0.350589733998208,0.584174950871822,0.925227068956976
-0.0485628735077837,1,NA,NA,1,0.422199821561367,0.316152721978947,0.423329441876818,0.534136874922801,110,"FV3 vs RVQ","mod2",0.730702130799374,0.472583627910646,0.744099464827812,1.1073377138426
0.197577718243997,1,NA,NA,1,0.456958295858838,0.359810675586739,0.456780321686253,0.566099878164882,115,"FV3 vs RVQ","mod2",0.84147919464405,0.563362197943288,0.845923244888442,1.2483993752101
0.443718309995779,1,NA,NA,1,0.472688745426435,0.377241648078654,0.470735300641778,0.582120643942962,120,"FV3 vs RVQ","mod2",0.896413155089391,0.605556122374876,0.893948180698029,1.32393945496604
0.68985890174756,1,NA,NA,1,0.476425851313366,0.372505226139286,0.473299462893714,0.588973987334659,125,"FV3 vs RVQ","mod2",0.909949149530134,0.586218609905085,0.89727434525304,1.36871863305351
0.935999493499341,1,NA,NA,1,0.475527159274945,0.353089085055796,0.473104806742453,0.592254292496167,130,"FV3 vs RVQ","mod2",0.906676423163408,0.55359520303429,0.900900369301171,1.38803962627684
1.18214008525112,1,NA,NA,1,0.477390258926479,0.343736050902025,0.478630516682231,0.600665393054862,135,"FV3 vs RVQ","mod2",0.913473709743424,0.523297081077672,0.908788209527122,1.45832437022791
1.4282806770029,1,NA,NA,1,0.489427269059188,0.339768439420396,0.494024235297257,0.643876493805986,140,"FV3 vs RVQ","mod2",0.958584819360291,0.525241343022348,0.959622950741207,1.75771283499462
1.67442126875468,1,NA,NA,1,0.519066539042575,0.351911501975817,0.519560869825439,0.736656759713289,145,"FV3 vs RVQ","mod2",1.07928971714556,0.543772869139026,1.07662883875534,2.54836948998777
1.92056186050647,1,NA,NA,1,0.573210698556037,0.373329964509298,0.580212537586196,0.846357217806406,150,"FV3 vs RVQ","mod2",1.34307654061778,0.586880058645869,1.36035666903481,4.80529988405156
2.16670245225825,1,NA,NA,1,0.655509090520452,0.376086201311634,0.667063328604828,0.940015812211854,155,"FV3 vs RVQ","mod2",1.90283421850169,0.628341929397558,1.96798114956379,11.2285904640267
